12.508523,41.679102,0.998587,338.3,200000
12.508523,41.679102,0.987885,338.2,200000
12.508523,41.679102,0.981464,338.3,170000
12.508523,41.679102,0.967669,338.1,360000
12.508523,41.679102,0.99274,338.5,270000
12.508523,41.679102,0.969208,338.9,200000
12.508523,41.679102,0.975786,339.4,160000
12.508523,41.679102,0.976529,340.3,370000
12.508522,41.679102,0.98126,340.7,170000
12.508522,41.679105,0.981107,341.1,370000
12.50852,41.679107,0.975337,340.3,270000
12.50852,41.679108,0.975248,339.1,330000
12.508518,41.679112,0.968168,338.4,200000
12.508517,41.679113,0.953823,337.8,200000
12.508515,41.679115,0.994203,337.2,260000
12.508513,41.679118,0.970058,337,340000
12.50851,41.679122,0.98403,337,200000
12.508507,41.679125,1.000657,337,330000
12.508503,41.679127,0.989973,336.9,360000
12.508502,41.679128,0.969786,336.9,170000
12.5085,41.679132,0.99665,337,270000
12.508497,41.679135,0.992797,336.9,360000
12.508492,41.679137,0.989736,336.7,340000
12.508487,41.679138,0.97079,336.6,200000
12.508483,41.67914,0.990672,336.5,160000
12.508482,41.679142,0.982539,336.7,200000
12.508478,41.679145,0.972512,336.5,270000
12.508477,41.679147,0.97031,336.5,200000
12.508472,41.67915,0.978796,336.8,330000
12.508468,41.679152,0.994658,336.9,200000
12.508465,41.679153,0.974763,337.4,200000
12.508463,41.679155,0.991638,338,270000
12.508455,41.679158,0.977321,338.4,340000
12.508453,41.67916,0.991046,338.4,200000
12.508453,41.679162,0.962312,338.7,200000
12.508452,41.679165,0.986179,338.6,260000
12.508452,41.679168,0.964425,338.6,340000
12.50845,41.67917,0.987016,338.4,200000
12.508445,41.679172,0.971829,338.4,210000
12.508442,41.679172,0.998429,338.3,260000
12.508432,41.679173,0.978392,338.3,340000
12.50843,41.679175,0.957314,338,200000
12.50843,41.679177,0.985687,338,200000
12.50843,41.679178,0.964121,337.7,260000
12.508425,41.679182,0.96657,337.5,340000
12.508425,41.679183,0.964699,337.1,200000
12.508422,41.679185,0.999288,336.9,160000
12.50842,41.679188,0.965456,336.7,300000
12.508412,41.679192,1.004348,336.4,340000
12.508407,41.679193,0.990266,336.3,200000
12.508408,41.679195,0.989687,336,170000
12.508407,41.679197,0.979409,335.6,300000
12.508403,41.6792,0.990878,335.4,330000
12.508402,41.679202,0.978809,335.3,200000
12.508397,41.679202,0.974318,335.2,170000
12.508392,41.679205,0.98338,335.1,260000
12.508387,41.679207,0.975263,335,370000
12.508383,41.679207,0.962825,335,200000
12.508373,41.679207,0.985668,334.7,340000
12.50834,41.679203,0.958369,334.5,430000
12.508332,41.679203,0.97118,334.2,320000
12.50833,41.679205,0.982272,334,230000
12.508327,41.679205,0.973239,333.8,440000
12.508322,41.679208,0.974014,333.5,330000
12.508318,41.67921,0.982435,333.5,230000
12.50831,41.67921,0.979262,332.9,430000
12.508305,41.679213,0.963455,332.2,330000
12.508302,41.679213,0.976673,332.3,250000
12.508295,41.679213,0.973398,332,360000
12.508293,41.679213,0.96937,332.1,270000
12.50829,41.679213,0.968718,332.4,360000
12.508285,41.679213,0.975059,332.5,360000
12.508283,41.679215,0.978624,332.7,340000
12.508283,41.679217,0.974474,332.7,200000
12.508285,41.67922,0.975912,333,260000
12.508288,41.679225,0.968004,333.2,340000
12.508295,41.67923,0.972613,333.4,200000
12.508298,41.679235,0.949524,333.4,190000
12.508303,41.67924,0.969461,333.4,270000
12.508312,41.679248,0.965908,333.5,330000
12.508313,41.679253,0.973699,333.5,200000
12.508313,41.679252,0.982427,333.4,170000
12.508312,41.679253,0.971171,333.5,300000
12.50831,41.679258,0.987826,333.6,330000
12.50831,41.67926,0.962304,333.6,200000
12.508312,41.679265,0.984155,333.7,170000
12.508312,41.679268,0.97146,333.8,300000
12.508312,41.679273,0.981678,333.9,330000
12.508313,41.679275,0.990455,334,200000
12.508317,41.679278,0.971638,334.4,170000
12.508318,41.679282,0.990505,334.7,260000
12.508323,41.679287,0.983633,334.9,370000
12.508325,41.679288,0.988394,335,200000
12.508332,41.679293,0.977885,335.3,170000
12.508335,41.679297,0.970156,335.2,260000
12.508342,41.679303,0.972725,335.2,370000
12.508343,41.679307,0.958509,335.3,170000
12.508345,41.679308,0.981787,335.2,200000
12.508347,41.67931,0.97411,335.2,260000
12.50835,41.679313,0.982902,335.2,370000
12.50835,41.679315,0.986094,335.1,170000
12.508352,41.679317,0.983813,335,200000
12.508352,41.679318,0.970597,335.2,260000
12.508352,41.679323,0.987181,335.3,380000
12.508352,41.679325,0.96573,335.6,160000
12.508352,41.679327,0.995315,336.3,200000
12.50835,41.679328,0.960024,336.6,270000
12.508352,41.679332,0.976078,337.3,360000
12.508352,41.679333,0.962042,337.2,170000
12.508352,41.679335,0.996687,336.5,200000
12.508352,41.679335,0.961121,334.8,270000
12.50835,41.679338,0.982075,333.3,330000
12.50835,41.67934,0.979952,332.2,200000
12.50835,41.679342,0.968364,331.6,200000
12.50835,41.679343,0.986646,331.7,270000
12.508352,41.679347,0.979243,331.8,330000
12.508352,41.679348,0.97245,331.9,200000
12.50835,41.67935,0.966216,332.1,200000
12.50835,41.679352,0.969847,332.5,270000
12.508347,41.679355,0.983724,332.8,340000
12.508347,41.679357,0.97304,333,200000
12.508347,41.679358,0.967985,333.3,200000
12.508347,41.67936,0.973802,333.4,260000
12.508347,41.679363,0.975703,333.5,340000
12.508347,41.679365,0.978418,333.4,200000
12.508345,41.679367,0.984006,333.4,200000
12.508345,41.679368,0.978356,333.4,260000
12.508345,41.679372,0.979387,333.6,340000
12.508343,41.679373,0.985358,333.8,200000
12.508342,41.679377,0.979774,334,510000
12.50834,41.67938,0.985576,334.6,290000
12.50834,41.679382,0.981871,334.9,200000
12.50834,41.679383,0.986888,335.2,200000
12.508342,41.679385,0.976482,335.3,270000
12.508342,41.67939,0.971985,335.5,330000
12.50834,41.679393,0.968988,335.9,380000
12.508343,41.679397,0.965432,336.5,260000
12.508343,41.6794,0.972643,337,160000
12.508343,41.679402,0.967417,337,200000
12.508343,41.679405,0.980965,337,200000
12.508337,41.679405,0.956891,337.1,200000
12.508333,41.679407,0.972257,337.1,270000
12.508328,41.67941,0.988042,337,340000
12.508325,41.679412,0.982858,336.9,200000
12.508323,41.679413,0.97306,336.8,330000
12.508312,41.679418,0.981118,336.6,430000
12.508307,41.67942,0.975593,336.5,330000
12.508307,41.679422,0.97919,336.3,240000
12.508305,41.679425,0.977814,335.9,360000
12.508305,41.679425,0.976517,335.5,270000
12.508302,41.679427,0.977551,334.8,360000
12.508298,41.679428,0.981758,334.3,370000
12.508293,41.67943,0.978142,333.8,330000
12.508287,41.679432,0.968724,333.3,200000
12.508282,41.679433,0.979171,332.9,270000
12.508272,41.679437,0.974546,332.1,330000
12.508268,41.679438,0.976374,332,200000
12.508265,41.679438,0.970866,331.9,200000
12.508262,41.67944,0.988062,332,260000
12.508252,41.679442,0.970597,332,340000
12.508248,41.679443,0.985403,332.2,200000
12.508245,41.679443,0.984797,332.5,160000
12.508243,41.679445,0.969792,332.7,300000
12.508238,41.679447,0.98928,332.7,340000
12.508237,41.679448,0.982369,332.9,190000
12.508235,41.679448,0.981174,333.1,170000
12.508233,41.67945,0.971956,333.1,300000
12.50823,41.679453,0.984405,333.5,330000
12.50823,41.679453,0.987007,333.5,200000
12.50823,41.679457,0.970323,333.5,170000
12.508228,41.679458,0.988941,333.5,270000
12.508227,41.67946,0.970961,333.6,360000
12.508225,41.679462,0.974375,333.6,200000
12.508225,41.679463,0.975183,333.5,170000
12.508223,41.679465,0.982357,333.7,260000
12.508222,41.679468,0.974489,333.9,370000
12.508222,41.67947,0.969322,334,170000
12.508222,41.67947,0.981885,334.3,200000
12.50822,41.679472,0.97353,334.5,260000
12.508217,41.679475,0.978178,0,370000
12.508217,41.679475,0.981599,335.1,170000
12.508217,41.679477,0.984875,335.4,200000
12.508217,41.679478,0.978078,335.2,270000
12.508217,41.679482,0.981208,334.9,370000
12.508217,41.679483,0.992427,334.8,160000
12.508215,41.679487,0.981314,334.4,200000
12.508215,41.679488,0.962559,334.2,270000
12.508217,41.679492,0.980645,334.1,370000
12.508217,41.679493,0.988194,334.3,160000
12.508217,41.679495,0.9712,334.6,200000
12.508218,41.679495,0.974141,335.2,270000
12.508218,41.679497,0.977719,335.7,330000
12.508217,41.679498,0.978962,336.3,210000
12.508217,41.679498,0.977269,337,200000
12.508217,41.6795,0.987561,337.3,260000
12.508213,41.679503,0.971566,337.5,330000
12.508213,41.679505,0.974663,337.6,200000
12.50821,41.679505,0.968826,337.5,200000
12.508207,41.679507,0.977279,337.1,270000
12.5082,41.679507,0.975134,336.7,340000
12.508197,41.679507,0.975312,336,200000
12.508192,41.679508,0.9783,335.2,200000
12.508188,41.679508,0.975136,334.6,270000
12.508187,41.679513,0.983405,333.6,330000
12.508187,41.679515,0.97489,333,200000
12.508183,41.679517,0.9836,332.6,200000
12.508182,41.679518,0.969697,331.9,270000
12.508178,41.679522,0.997277,331.6,330000
12.50818,41.679523,0.975237,331.4,200000
12.50818,41.679523,0.98801,330.9,200000
12.508178,41.679523,0.97711,330.9,260000
12.508177,41.679527,0.990777,331.1,340000
12.508175,41.679527,0.973841,331.2,200000
12.508173,41.679528,0.975346,331.7,200000
12.508172,41.679528,0.984391,332.1,260000
12.508167,41.67953,0.977406,332.6,340000
12.508165,41.679532,0.981018,333,200000
12.508165,41.679533,0.951938,333.5,200000
12.508163,41.679535,0.974578,333.7,260000
12.508158,41.679538,0.974055,334.3,340000
12.508157,41.679542,0.969869,334.7,200000
12.508153,41.679543,0.969212,334.9,200000
12.508152,41.679545,0.97899,335.4,270000
12.508148,41.67955,0.972818,336.1,330000
12.508147,41.679552,0.984087,336.4,200000
12.508143,41.679553,0.982383,337.1,200000
12.508142,41.679553,0.977971,337.5,270000
12.50814,41.679555,0.982592,338.3,330000
12.508138,41.679555,0.98163,338.5,200000
12.508137,41.679557,0.98708,338.7,210000
12.508135,41.679557,0.967635,338.7,260000
12.50813,41.67956,0.973168,338.3,330000
12.508128,41.67956,0.960644,338.3,200000
12.508127,41.679562,0.971351,337.9,200000
12.508125,41.679562,0.98455,337.6,270000
12.508125,41.679565,0.978543,337.5,340000
12.508123,41.679567,0.96801,337.1,200000
12.508123,41.679567,0.97606,336.9,160000
12.508123,41.679568,0.968004,336.5,300000
12.508122,41.679573,0.971367,336.2,340000
12.50812,41.679575,0.962059,336,200000
12.508118,41.679575,0.985267,335.6,170000
12.508117,41.679578,0.972269,335.2,260000
12.508115,41.67958,0.957689,334.9,380000
12.508115,41.679582,0.984129,334.8,160000
12.508113,41.679583,0.98719,334.6,200000
12.508113,41.679585,0.98459,334.5,270000
12.508112,41.679588,0.975474,334.5,370000
12.508112,41.67959,0.983254,334.4,170000
12.50811,41.679593,0.991534,334.4,200000
12.508108,41.679595,0.982108,334.4,260000
12.508107,41.679597,0.969285,334.5,340000
12.508105,41.679598,0.983441,334.6,200000
12.508102,41.679597,0.969938,334.8,200000
12.5081,41.679597,0.98857,335.2,270000
12.508095,41.679597,0.974056,335.9,330000
12.508092,41.679597,0.979848,336.3,200000
12.50809,41.679598,0.964862,336.7,200000
12.508088,41.679598,0.986031,337,270000
12.508085,41.679602,0.955863,337.4,330000
12.508082,41.679602,0.976034,337.7,200000
12.50808,41.679602,0.97611,337.9,200000
12.508078,41.679602,0.97979,338.1,270000
12.508075,41.679605,0.98622,338.4,340000
12.508072,41.679605,0.979007,338.4,200000
12.508067,41.679607,0.98613,338.1,510000
12.508065,41.679608,0.9754,337.9,250000
12.508063,41.679608,0.976273,337.5,340000
12.508062,41.67961,0.968113,337.2,240000
12.50806,41.679612,0.970504,336.5,360000
12.508058,41.679613,0.970054,336.7,270000
12.508057,41.679618,0.963532,336.5,360000
12.508057,41.67962,0.993463,336.1,360000
12.508055,41.679625,0.992828,335.8,340000
12.508058,41.67963,0.982775,335.6,200000
12.508057,41.679632,0.972708,335.3,260000
12.508057,41.679637,0.982786,334.7,340000
12.508057,41.679638,0.977801,334.6,200000
12.50806,41.679643,0.972747,334.1,200000
12.508062,41.679648,0.983681,334,260000
12.508063,41.679653,0.984013,333.6,330000
12.508065,41.679657,0.986367,333.4,200000
12.508065,41.679658,0.979594,333.3,170000
12.508067,41.67966,0.978272,332.9,300000
12.508068,41.679665,0.978084,332.7,330000
12.508068,41.679667,0.981966,332.6,200000
12.50807,41.679668,0.976476,332.4,170000
12.50807,41.67967,0.975976,332.4,300000
12.50807,41.679673,0.977882,332.1,330000
12.50807,41.679675,0.981741,332,200000
12.50807,41.679677,0.981241,332,170000
12.508072,41.679678,0.986055,331.9,260000
12.508073,41.679682,0.976476,332,370000
12.508073,41.679683,0.983389,331.9,200000
12.508073,41.679683,0.974321,331.7,170000
12.508075,41.679685,0.975986,331.8,260000
12.508077,41.679687,0.981185,331.6,370000
12.508077,41.679688,0.972838,331.7,160000
12.508078,41.679688,0.976801,331.6,200000
12.508078,41.67969,0.979408,331.6,270000
12.50808,41.679695,0.964677,331.8,370000
12.50808,41.679697,0.973399,331.9,160000
12.508082,41.679698,0.983472,332.3,200000
12.508082,41.6797,0.982997,332.6,270000
12.508082,41.679703,0.979882,333.2,370000
12.508083,41.679707,0.997047,333.7,170000
12.508083,41.679707,0.965087,334.4,200000
12.508083,41.679708,0.961981,335.1,260000
12.508083,41.679712,0.993688,335.8,370000
12.508083,41.679713,0.972235,336.1,170000
12.508083,41.679715,0.975441,336.3,370000
12.508082,41.679717,0.98237,335.7,390000
12.508078,41.679718,0.951532,335.7,350000
12.508075,41.67972,1.002282,335.8,240000
12.508073,41.679722,0.928068,336.3,370000
12.508073,41.679723,1.044409,336.1,260000
12.508073,41.679727,0.995783,336,360000
12.508075,41.67973,0.965464,336,370000
12.508072,41.679733,0.973588,335.7,330000
12.508068,41.679733,0.986125,335.4,200000
12.508068,41.679733,0.968892,335.3,260000
12.508063,41.679738,0.983271,335.3,340000
12.508063,41.679738,0.957965,335.5,200000
12.50806,41.679742,0.993092,336,200000
12.508058,41.679743,0.958877,336.2,260000
12.508058,41.679748,1.003667,336.8,340000
12.508057,41.679748,0.973359,337,200000
12.508045,41.679752,0.978827,337.2,200000
12.508037,41.679753,0.971402,337.3,260000
12.508027,41.679757,0.990224,337.2,330000
12.508022,41.679758,0.979443,337.1,200000
12.508022,41.679758,0.990662,336.8,170000
12.508018,41.67976,0.98656,336.2,300000
12.508013,41.679762,0.98409,335.6,330000
12.508008,41.679762,0.985518,335.2,200000
12.508007,41.679763,0.969946,334.5,170000
12.508003,41.679765,0.985897,334,300000
12.507998,41.679767,0.970521,333.2,330000
12.507997,41.679767,0.975493,333,200000
12.507997,41.67977,0.981246,332.9,170000
12.507995,41.679772,0.970294,332.9,260000
12.507992,41.679775,0.968126,333,370000
12.50799,41.679775,0.972159,333.1,200000
12.507988,41.679775,0.975014,333.3,170000
12.507987,41.679775,0.974371,333.6,260000
12.507983,41.679778,0.983504,333.8,370000
12.50798,41.679778,0.990473,333.8,160000
12.50798,41.67978,0.980258,333.7,200000
12.507978,41.679782,0.976992,333.4,270000
12.507975,41.679783,0.985799,333,370000
12.507973,41.679785,0.984733,332.5,160000
12.507972,41.679785,0.973699,331.9,210000
12.50797,41.679787,0.987245,331.5,270000
12.507967,41.679788,0.98817,331.1,360000
12.507967,41.67979,0.978112,331.2,170000
12.507967,41.679792,0.970157,331.2,200000
12.507965,41.679792,0.985613,331.4,260000
12.507962,41.679793,0.97299,331.6,370000
12.507962,41.679795,0.95671,332,170000
12.507958,41.679795,0.982336,332.1,200000
12.507957,41.679797,0.9751,332.5,270000
12.507952,41.679798,0.969352,332.8,330000
12.50795,41.6798,0.973879,333.1,200000
12.507948,41.679802,0.971858,334.2,370000
12.507947,41.679805,0.987368,336,400000
12.507945,41.679807,0.980932,337.2,340000
12.507943,41.679808,0.982129,337.9,240000
12.50794,41.67981,0.972544,338.2,370000
12.50794,41.679812,0.983779,338.4,260000
12.507937,41.679815,0.960887,338.4,360000
12.507935,41.679817,0.981621,338.1,370000
12.507932,41.67982,0.982178,337.6,330000
12.50793,41.679822,0.982909,337.3,200000
12.507928,41.679823,0.986244,336.7,260000
12.507925,41.679827,0.987023,335.7,340000
12.507927,41.679828,0.978335,0,200000
12.507925,41.67983,0.969063,334.7,200000
12.507923,41.67983,0.988855,334.4,260000
12.50792,41.679832,0.975004,334,340000
12.50792,41.679832,0.97166,334.1,200000
12.507918,41.679833,0.968978,333.9,160000
12.507917,41.679833,0.977272,333.9,300000
12.507913,41.679835,0.974324,333.6,330000
12.507913,41.679837,0.978065,333.4,200000
12.507912,41.679838,0.992862,333,170000
12.50791,41.67984,0.980423,332.5,300000
12.507903,41.679843,0.981024,331.5,330000
12.507902,41.679847,0.983922,330.7,200000
12.5079,41.679847,0.98438,330.3,170000
12.5079,41.679848,0.981887,330,260000
12.507895,41.67985,0.977099,329.6,370000
12.507893,41.679852,0.977273,329.5,200000
12.507893,41.679852,0.978333,329.5,170000
12.507893,41.679853,0.990744,329.6,260000
12.507892,41.679857,0.973219,329.7,370000
12.50789,41.679858,0.982375,330.1,170000
12.50789,41.67986,0.981113,330.8,200000
12.507888,41.67986,0.99563,331.8,260000
12.507888,41.679862,0.977444,332.8,370000
12.507888,41.679863,0.972634,333.2,170000
12.507887,41.679863,0.96594,333.6,200000
12.507885,41.679863,0.949238,333.8,260000
12.507883,41.679865,0.962352,333.8,370000
12.507882,41.679865,0.969086,333.6,170000
12.50788,41.679867,0.994611,333.2,200000
12.507878,41.679867,0.969433,332.7,270000
12.507877,41.67987,0.968071,331.6,360000
12.507875,41.679872,0.997265,330.6,170000
12.507873,41.679873,0.980319,329.7,200000
12.507872,41.679875,0.987688,328.8,270000
12.50787,41.679878,0.981661,328.4,330000
12.50787,41.67988,0.99266,328,200000
12.50787,41.679883,0.966453,327.9,210000
12.507868,41.679885,0.972634,327.7,260000
12.507862,41.679883,0.971011,327.6,340000
12.50786,41.679885,0.971063,327.6,200000
12.507858,41.679883,0.978018,327.8,200000
12.507857,41.679885,0.990483,327.8,260000
12.507853,41.679888,0.978873,327.8,330000
12.50785,41.67989,0.963695,327.8,210000
12.507848,41.679892,0.97188,327.8,200000
12.507845,41.679893,0.980255,327.7,270000
12.507842,41.679897,0.966901,327.7,330000
12.50784,41.679898,0.979587,327.6,200000
12.507835,41.679898,0.984253,327.7,200000
12.507833,41.6799,0.981686,327.7,270000
12.50783,41.679903,0.987354,327.9,330000
12.507828,41.679905,0.9856,327.8,200000
12.507828,41.679907,0.991769,327.8,210000
12.507828,41.679908,0.975391,327.9,260000
12.507827,41.67991,0.980896,327.9,340000
12.507827,41.679912,0.992569,327.8,200000
12.507822,41.679912,0.986553,327.6,200000
12.507818,41.679913,0.980604,327.4,260000
12.507818,41.679917,0.986766,327,330000
12.507818,41.679918,0.97263,326.9,210000
12.507818,41.679918,0.974344,326.8,200000
12.507818,41.679918,0.983348,326.5,270000
12.507818,41.679922,0.978706,326.4,330000
12.507817,41.679925,0.977404,326.2,200000
12.507815,41.679927,0.979019,326.1,170000
12.507813,41.679928,0.987592,326,300000
12.507812,41.679935,0.976619,325.9,330000
12.507812,41.679937,0.963479,325.9,200000
12.50781,41.679938,0.984897,326.2,170000
12.50781,41.67994,0.976599,326.4,300000
12.507807,41.679943,0.970819,326.6,340000
12.507805,41.679945,0.992606,326.7,200000
12.507803,41.679947,0.99414,327,160000
12.507803,41.679948,0.980363,327.2,270000
12.5078,41.67995,0.983841,327.8,370000
12.507798,41.679952,0.986781,328.3,190000
12.507797,41.679952,0.98478,328.9,180000
12.507793,41.679953,0.988297,329.6,260000
12.50779,41.679955,0.986939,330.4,370000
12.507788,41.679957,0.978101,331.1,170000
12.507787,41.679957,0.972198,331.9,200000
12.507785,41.679957,0.981582,332.7,260000
12.507782,41.67996,0.972896,333.7,370000
12.50778,41.67996,0.9764,334.3,170000
12.507778,41.67996,0.977272,334.7,200000
12.507777,41.679962,0.966146,335.1,270000
12.507772,41.67996,0.974896,335.4,360000
12.50777,41.679962,0.975971,335.4,170000
12.50777,41.679963,0.979796,335.3,200000
12.507768,41.679965,0.971008,335.1,270000
12.50777,41.67997,0.977995,334.7,360000
12.50777,41.679972,0.982816,334.5,170000
12.507768,41.679972,0.981382,334.5,210000
12.507767,41.679973,0.980349,334.6,260000
12.50776,41.679973,0.984985,334.8,340000
12.507758,41.679973,0.983217,335.3,200000
12.507757,41.679972,0.98444,335.8,200000
12.507757,41.679972,0.980913,336.3,260000
12.507753,41.679973,0.972002,337,330000
12.507752,41.679973,0.97602,337.5,200000
12.507752,41.679975,0.968956,338,210000
12.50775,41.679977,0.990367,338.5,270000
12.507747,41.67998,0.976701,338.9,330000
12.507745,41.679982,0.976043,339,200000
12.507747,41.679982,0.972745,339.4,200000
12.507748,41.679983,0.978434,339.4,270000
12.507747,41.679985,0.970637,339.4,330000
12.507747,41.679987,0.970767,339.4,200000
12.507748,41.679987,0.96638,339.8,200000
12.507747,41.679987,0.968662,340.4,270000
12.507738,41.679985,0.979079,341.9,330000
12.507735,41.679985,0.988963,342.7,200000
12.507732,41.679983,0.99024,343.3,200000
12.50773,41.679985,0.976714,343.7,270000
12.507723,41.679987,0.987649,343.5,330000
12.507722,41.679988,0.984481,343.5,200000
12.507717,41.679988,0.980812,342.8,210000
12.507715,41.67999,0.977004,341.5,260000
12.507708,41.679992,0.982962,339.9,340000
12.507707,41.679993,0.971575,338.2,200000
12.507703,41.679995,0.97698,335.8,200000
12.507702,41.679998,0.991863,333.9,260000
12.507707,41.680002,0.961436,330.9,330000
12.507707,41.680003,0.987291,329.6,200000
12.507707,41.680005,0.970791,328.7,200000
12.507705,41.680005,0.992487,327.7,270000
12.507705,41.68001,0.976749,326.6,340000
12.507703,41.680012,0.973272,326,200000
12.507703,41.680013,0.966895,325.3,200000
12.507703,41.680017,0.97038,325,260000
12.5077,41.680022,0.980634,324.7,340000
12.507698,41.680023,0.981905,324.4,200000
12.507698,41.680027,0.98917,324.3,200000
12.507697,41.680028,0.973019,324.3,260000
12.507693,41.680035,0.982339,324.6,340000
12.507693,41.680037,0.984991,325.7,200000
12.507695,41.68004,0.983847,327.9,170000
12.507695,41.680042,0.979908,330.3,300000
12.507693,41.680045,0.989444,334.1,330000
12.507693,41.680047,0.992255,335.7,200000
12.507688,41.680045,0.991759,340.1,470000
12.507685,41.680047,0.978287,341.5,330000
12.507683,41.680047,0.981326,342.1,200000
12.507677,41.680047,0.981335,342.9,170000
12.507675,41.680047,0.985741,343.5,300000
12.507672,41.680047,0.969519,343.8,320000
12.507672,41.680048,0.980753,343.8,200000
12.507667,41.680048,0.97358,343.8,200000
12.507663,41.68005,0.978477,343.9,270000
12.50766,41.680053,0.962859,344.2,330000
12.50766,41.680055,0.989315,344.3,200000
12.507657,41.680055,0.987536,344.3,200000
12.507657,41.680055,0.967177,343.9,270000
12.507652,41.680058,0.981683,343.3,340000
12.507652,41.68006,0.981278,341.6,350000
12.507652,41.68006,0.981278,339.3,50000
12.50765,41.68006,0.966497,337.4,260000
12.507643,41.68006,0.985143,334.4,340000
12.50764,41.680062,0.989531,332.7,200000
12.50764,41.680062,0.983716,329.9,200000
12.507638,41.680063,0.9824,328.1,260000
12.507635,41.680065,0.975827,326.4,340000
12.507632,41.680067,0.975476,325.6,200000
12.507628,41.680068,0.971328,324.8,200000
12.507625,41.680068,0.982005,324.7,270000
12.507618,41.680068,0.974069,324.5,330000
12.507617,41.680068,0.985017,324.5,200000
12.507612,41.68007,0.975019,324.5,200000
12.507607,41.68007,0.968319,324.6,260000
12.507597,41.68007,0.966128,325,340000
12.507592,41.680072,0.972581,325.4,200000
12.50759,41.680072,0.968119,326.5,200000
12.507587,41.680073,0.980351,327.1,260000
12.507582,41.680075,0.981883,328.3,340000
12.50758,41.680077,0.981822,329.2,200000
12.507578,41.68008,0.990408,330.7,200000
12.507577,41.68008,0.970929,332,260000
12.507572,41.68008,0.978299,333.9,340000
12.507568,41.68008,0.99078,335,200000
12.507568,41.68008,0.979946,336.6,160000
12.507568,41.680082,0.980013,337.8,300000
12.507568,41.680085,0.980948,338.6,340000
12.507567,41.680087,0.970742,338.9,200000
12.507568,41.680088,0.970432,339,160000
12.507568,41.680088,0.980769,338.8,300000
12.507565,41.68009,0.981464,338.4,340000
12.507565,41.680092,0.976826,338.1,200000
12.507563,41.680093,0.982774,337,330000
12.50756,41.680097,0.978822,336.2,340000
12.507558,41.680098,0.980901,335.1,270000
12.507558,41.680105,0.972857,334.2,380000
12.507558,41.680108,0.979038,332.9,370000
12.507557,41.68011,0.977516,332,270000
12.507552,41.680112,0.974273,330,360000
12.507548,41.680113,0.969545,329.3,360000
12.507545,41.680117,0.978246,328.5,340000
12.507543,41.680118,0.982487,328.1,200000
12.507543,41.68012,0.972156,327.7,260000
12.507545,41.680127,0.980948,327.5,330000
12.507545,41.68013,0.979708,327.6,200000
12.507547,41.680133,0.969802,0,200000
12.507547,41.680137,0.99309,328.2,270000
12.507547,41.680142,0.967599,328.4,330000
12.50755,41.680147,0.972314,328.7,200000
12.507548,41.680148,0.866693,329.1,170000
12.507548,41.68015,0.577058,329.1,300000
12.507548,41.680153,0.425616,327.6,330000
12.507547,41.680155,0.219014,326.5,200000
12.50755,41.680158,0.160568,322.6,170000
12.507548,41.680158,0.240038,316.5,300000
12.507543,41.680158,0.325085,309.8,330000
12.507538,41.680157,0.419064,303.1,200000
12.507533,41.680157,0.428184,296.5,170000
12.507528,41.680155,0.449797,286.5,260000
12.507537,41.68016,0.480419,274.6,370000
12.507543,41.680162,0.485453,268.9,200000
12.507532,41.680162,0.541362,258.8,160000
12.507528,41.680162,0.743711,249.1,270000
12.507508,41.680158,1.00426,240.2,370000
12.507503,41.680157,0.996237,233.5,160000
12.507503,41.680157,0.986527,227.4,200000
12.507503,41.680157,0.999684,220,270000
12.507503,41.680157,0.977849,210.8,370000
12.507503,41.680157,0.982407,207.9,170000
12.507503,41.680157,0.973406,198.1,200000
12.507503,41.680157,0.966649,191.3,260000
12.507503,41.680157,0.978394,185.4,340000
12.507503,41.680157,0.978978,182.7,200000
12.507503,41.680157,0.977252,181.1,200000
12.507503,41.680157,0.974922,180,270000
12.507503,41.680157,0.981567,179.2,340000
12.507497,41.680173,0.979071,178.6,190000
12.507497,41.680173,0.981864,177.2,200000
12.507497,41.680173,0.970367,175,270000
12.507497,41.680173,0.979761,170.2,340000
12.507497,41.680173,0.975966,166.6,200000
12.507497,41.680173,0.982634,164.2,200000
12.507497,41.680173,0.982732,162.6,260000
12.507485,41.680172,0.984149,162.4,340000
12.507483,41.680172,0.983367,162.2,200000
12.507485,41.680172,0.972767,162.5,200000
12.507485,41.680172,0.988753,162.3,270000
12.507483,41.68017,0.95734,161.5,330000
12.507482,41.68017,0.978815,160.5,200000
12.507482,41.680168,0.969352,159.5,200000
12.507482,41.680168,0.988358,158.8,270000
12.507483,41.680168,0.968629,157.9,340000
12.507482,41.680167,0.973821,157.1,200000
12.507483,41.680167,0.96756,156.2,190000
12.507483,41.680167,0.969162,156,270000
12.507483,41.680165,0.969965,156.1,330000
12.507483,41.680163,0.983314,156.2,200000
12.507483,41.680162,0.988135,156.7,200000
12.507485,41.68016,0.976662,156.5,270000
12.507487,41.680157,0.98435,156.7,330000
12.507488,41.680155,0.981843,156.5,190000
12.50749,41.680153,0.978906,156.5,200000
12.507492,41.680152,0.981053,156.6,270000
12.507495,41.680148,0.993388,157.2,330000
12.507497,41.680147,0.988207,157.3,210000
12.507498,41.680145,0.986589,157.2,200000
12.5075,41.680143,0.98084,156.9,260000
12.507503,41.68014,0.970388,156.7,340000
12.507503,41.680138,0.975602,156.5,200000
12.507503,41.680137,0.971311,156.5,200000
12.507505,41.680135,0.989471,156.4,260000
12.507505,41.680132,0.968872,156.6,330000
12.507505,41.680128,0.970572,157,210000
12.507507,41.680127,0.953845,156.7,200000
12.507507,41.680127,0.964512,156,270000
12.507508,41.680125,0.981023,155.7,330000
12.50751,41.680125,0.977004,155.4,200000
12.507512,41.680123,0.990468,155.4,200000
12.507513,41.680123,0.965956,155.7,260000
12.507515,41.68012,0.981719,155.6,340000
12.507517,41.68012,0.984576,156,200000
12.507517,41.680118,0.986161,156.1,200000
12.507518,41.680118,0.979146,156.1,270000
12.507523,41.680118,0.973424,156.4,330000
12.507525,41.680117,0.980178,156.5,200000
12.507527,41.680115,0.988251,156.5,200000
12.507527,41.680113,0.987733,156.4,270000
12.50753,41.68011,0.972207,156.8,330000
12.507535,41.680108,0.967733,156.6,200000
12.507542,41.68011,0.969514,156.7,200000
12.507547,41.68011,0.969345,157.3,270000
12.507553,41.680108,0.972804,157.8,320000
12.50756,41.68011,0.956886,158.4,210000
12.507562,41.680107,0.986909,158.4,200000
12.507563,41.680105,0.969902,158,260000
12.507565,41.680103,0.977825,157.5,340000
12.507568,41.680103,0.975432,157.1,190000
12.507572,41.680103,0.981665,156.8,200000
12.507575,41.680103,0.974406,156.7,270000
12.507582,41.680103,0.978172,156.2,340000
12.507583,41.680103,0.987179,155.7,200000
12.507583,41.680102,0.984246,155.1,200000
12.507585,41.6801,0.982996,154.6,260000
12.507585,41.680097,0.95995,153.5,340000
12.507587,41.680097,0.993978,152.5,200000
12.50759,41.680095,0.984753,151.6,200000
12.507593,41.680095,0.983398,150.4,260000
12.5076,41.680092,0.959274,149,340000
12.507602,41.68009,0.985797,148,200000
12.507605,41.68009,0.952403,147.3,200000
12.507608,41.680088,0.983992,146.7,270000
12.507615,41.680087,0.989356,145.6,330000
12.507618,41.680087,0.978866,145.5,200000
12.507618,41.680083,0.967757,145.7,200000
12.507618,41.68008,0.963972,145.8,270000
12.50762,41.680078,0.982674,145.6,340000
12.50762,41.680077,0.982873,145.8,200000
12.507622,41.680077,0.96387,145.9,200000
12.507622,41.680075,0.955575,146.1,260000
12.507622,41.680072,0.974153,146.4,340000
12.507622,41.68007,0.938423,146.2,200000
12.50762,41.680068,0.990831,146.3,200000
12.507622,41.680068,0.961288,146,260000
12.507623,41.680065,0.984624,146,340000
12.507625,41.680063,0.977118,145.9,200000
12.507625,41.680063,0.98833,146.2,200000
12.507627,41.680062,0.980882,146.7,270000
12.50763,41.68006,0.978708,148.2,330000
12.507632,41.68006,0.971152,148.9,200000
12.507633,41.680058,0.963723,150.3,170000
12.507635,41.680058,0.984896,151.6,300000
12.507637,41.680057,0.978833,153.3,340000
12.507637,41.680057,0.98173,154.1,200000
12.50764,41.680057,0.968239,154.7,160000
12.507642,41.680057,0.987291,154.6,300000
12.507642,41.68005,0.970521,154.3,330000
12.507642,41.680048,0.975144,154,200000
12.507642,41.680047,0.98033,153.7,170000
12.50764,41.680043,0.97767,153.1,270000
12.50764,41.680038,0.986228,152.5,370000
12.507642,41.680035,0.97917,151.9,200000
12.507643,41.680032,0.989504,151,170000
12.507643,41.680028,0.968939,150.9,260000
12.507647,41.680025,0.971346,149.9,370000
12.507648,41.680022,0.983391,149.3,160000
12.50765,41.68002,0.983233,148.5,200000
12.507652,41.680018,0.989327,147.5,270000
12.507657,41.680015,0.981985,146.8,370000
12.507657,41.680013,0.977476,146.2,160000
12.507658,41.680012,0.967737,145.3,200000
12.50766,41.680012,0.970326,144.5,270000
12.507662,41.68001,0.966614,143.7,370000
12.507663,41.680008,0.965402,142.8,170000
12.507665,41.680007,0.957101,141.9,200000
12.507668,41.680003,0.960721,141.2,260000
12.507673,41.68,0.97921,140.8,370000
12.507675,41.679998,0.977665,140.5,160000
12.507675,41.679997,0,140.2,370000
12.507675,41.679993,0,141.8,400000
12.507675,41.679993,0,142.6,350000
12.507673,41.679993,0,143.4,250000
12.507673,41.679995,0,142.9,340000
12.507668,41.679883,0,142.8,30000
12.507672,41.679995,0,142.7,200000
12.507668,41.679883,0,142.5,30000
12.507668,41.679883,0,142.7,60000
12.507672,41.679995,0,142.6,270000
12.507672,41.679995,0,142.8,170000
12.507672,41.679995,0,142.5,360000
12.507672,41.679995,0,142.3,170000
12.507672,41.679995,0,142.1,430000
12.507672,41.679995,0,141.9,330000
12.507672,41.679995,0,141.6,370000
12.507668,41.679883,0,141.3,30000
12.507672,41.679995,0,141.2,200000
12.507668,41.679883,0,141,30000
12.507672,41.679995,0,140.9,200000
12.507672,41.679995,0,141,400000
12.507672,41.679995,0,140.9,370000
12.507672,41.679995,0,141.1,330000
12.507672,41.679995,0,141,330000
12.507672,41.679995,0,140.9,450000
12.507672,41.679995,0,141,200000
12.507668,41.679883,0,140.9,30000
12.507672,41.679995,0,140.7,200000
12.507672,41.679995,0,140.6,400000
12.507672,41.679995,0,140.9,370000
12.507672,41.679995,0,141,330000
12.507668,41.679883,0,141.1,30000
12.507672,41.679995,0,141,200000
12.507672,41.679995,0,141.1,170000
12.507672,41.679995,0,140.9,200000
12.507672,41.679995,0.047602,140.7,440000
12.507672,41.679995,0.188225,140.6,200000
12.507672,41.679995,0.294161,140.6,160000
12.507672,41.679995,0.462764,140.1,200000
12.507672,41.679995,0.601941,139.3,330000
12.507672,41.679995,0.693504,139.4,200000
12.507672,41.679995,0.817323,140,440000
12.507672,41.679995,0.898171,140.9,330000
12.507672,41.679995,1.010491,141.3,330000
12.507672,41.679995,0.961837,141.6,370000
12.507672,41.679995,0.983537,143,430000
12.507672,41.679995,0.978027,143.3,370000
12.507672,41.679995,0.98852,143.3,330000
12.507672,41.679995,0.975527,142.9,200000
12.507672,41.679995,0.979351,142.4,270000
12.507672,41.679995,0.987273,141.1,360000
12.507672,41.679995,0.981742,139.9,330000
12.507672,41.679995,0.985518,139.2,270000
12.507672,41.679995,0.961049,138.4,330000
12.507672,41.679995,0.968966,138,200000
12.507672,41.679995,0.97291,137.5,200000
12.507672,41.679995,0.989005,137.3,270000
12.507672,41.679995,0.97052,137.2,330000
12.507672,41.679995,0.971522,137.2,200000
12.507672,41.679995,0.976524,137.3,210000
12.507672,41.679995,0.981873,137,270000
12.507672,41.679995,0.97254,137.2,330000
12.507672,41.679995,0.978771,137.2,200000
12.507672,41.679995,0.979458,137.2,200000
12.507672,41.679995,0.981447,137.4,260000
12.507672,41.679995,0.976382,137.6,340000
12.507672,41.679995,0.978636,137.7,200000
12.507672,41.679995,0.978547,137.7,200000
12.507672,41.679995,0.966715,137.8,270000
12.507672,41.679995,0.980563,137.7,330000
12.507672,41.679995,0.979812,137.9,200000
12.507672,41.679995,0.988267,138,200000
12.507672,41.679995,0.984366,138.4,270000
12.507672,41.679995,0.977903,139,330000
12.507672,41.679995,0.971541,139.2,200000
12.507663,41.679995,0.978345,139.4,200000
12.507665,41.679993,0.993028,139.8,260000
12.507665,41.679993,0.928732,139.6,340000
12.507667,41.679992,0.989854,139.9,200000
12.507667,41.679992,0.964514,139.9,200000
12.507667,41.679992,0.973167,139.8,270000
12.507668,41.67999,0.972536,139.5,330000
12.50767,41.67999,0.972687,139.4,200000
12.50767,41.67999,0.973487,139.9,210000
12.507672,41.679988,0.978489,140.1,260000
12.507673,41.679988,0.994683,140.2,330000
12.507673,41.679988,0.993203,140.2,200000
12.507675,41.679987,0.995431,140.1,200000
12.507675,41.679987,0.967894,139.7,270000
12.507678,41.679983,0.997424,140,330000
12.507682,41.679983,0.920106,139.5,200000
12.507683,41.679982,1.010731,139.2,200000
12.507685,41.67998,1.007631,139.5,270000
12.50769,41.679975,0.99433,139.6,330000
12.507692,41.679973,0.978734,139.6,200000
12.507693,41.679972,0.975367,139.5,200000
12.507695,41.67997,0.985393,0,270000
12.5077,41.679965,0.963645,140.4,330000
12.507702,41.679963,0.953687,141,200000
12.507705,41.679962,0.966135,141.8,200000
12.507707,41.67996,0.989387,142.3,270000
12.507713,41.679953,0.973324,142.9,330000
12.507717,41.67995,0.979698,143.1,200000
12.507718,41.679948,0.973509,143.3,200000
12.507722,41.679945,0.970105,143.7,270000
12.507728,41.67994,0.932611,144,330000
12.507733,41.679937,0.8429,144.3,200000
12.507742,41.679937,0.924102,144.7,170000
12.50775,41.679935,0.996074,144.5,300000
12.507765,41.679932,0.983722,144.4,340000
12.507772,41.67993,0.992853,144.4,200000
12.507777,41.679928,0.945217,144.4,160000
12.507783,41.679927,0.986411,144.7,300000
12.507793,41.679922,0.986106,145,340000
12.507798,41.67992,0.982027,145,200000
12.507803,41.679918,0.978621,145.2,160000
12.507807,41.679917,0,145.3,270000
12.507815,41.679913,0,145.5,350000
12.507818,41.679913,0,146.4,210000
12.507827,41.679912,0,146.7,200000
12.507833,41.679912,-0.014594,147.1,260000
12.50784,41.67991,0.232806,146.9,330000
12.50784,41.679908,0.477594,146.5,200000
12.50784,41.679907,0.692704,145.9,200000
12.507842,41.679902,0.897739,145.2,270000
12.507847,41.679895,1.007754,144.3,340000
12.507848,41.679893,0.994754,144.1,200000
12.507852,41.679892,0.997901,144.2,200000
12.507855,41.67989,0.978094,144.1,270000
12.507862,41.679883,0.989634,144,330000
12.507865,41.67988,0.986243,143.9,200000
12.507867,41.679878,0.985301,144,200000
12.50787,41.679877,0.982979,143.9,260000
12.507872,41.679873,0.969486,143.8,340000
12.507873,41.679872,0.969305,143.5,200000
12.50788,41.67987,0.983031,143.4,200000
12.507885,41.67987,0.987037,143.1,270000
12.507893,41.679867,0.96771,142.9,330000
12.507897,41.679863,0.981515,142.7,200000
12.507898,41.679862,0.971498,142.3,200000
12.507902,41.679862,0.986296,142.1,260000
12.507903,41.679858,0.975545,141.6,340000
12.507903,41.679858,0.97216,141.5,200000
12.507905,41.679858,0.971592,141.2,200000
12.507907,41.679858,0.970717,141,270000
12.507912,41.679855,0.976208,140.9,330000
12.507913,41.679855,0.98206,140.7,200000
12.507917,41.679853,0.983394,140.6,200000
12.507918,41.679852,0.977813,140.4,270000
12.507925,41.679848,0.983083,140.2,340000
12.507928,41.679845,0.987734,140.2,200000
12.507932,41.679845,0.9826,140.2,200000
12.507933,41.679842,0.969643,140.2,260000
12.50794,41.679837,0.986552,140.4,340000
12.507938,41.679835,0.982777,140.4,200000
12.507938,41.679835,0.986307,140.5,200000
12.507938,41.679833,0.988379,140.4,260000
12.50794,41.679832,0.974006,140.5,330000
12.50794,41.679832,0.975473,140.6,200000
12.507942,41.67983,0.976746,140.6,200000
12.507943,41.67983,0.980974,140.6,270000
12.507947,41.679827,0.977181,140.5,330000
12.50795,41.679823,0.974412,140.5,200000
12.507952,41.679823,0.974697,140.3,200000
12.507953,41.679822,0.9712,140.1,260000
12.507957,41.67982,0.980559,140.2,340000
12.507957,41.67982,0.971158,140.2,200000
12.507958,41.67982,0.973613,140.2,200000
12.507958,41.679818,0.978586,140.3,270000
12.507958,41.679818,0.983545,140.4,330000
12.50796,41.679818,0.981749,140.4,200000
12.507962,41.679818,0.978614,140.5,200000
12.507962,41.679817,0.976265,141,270000
12.507967,41.679813,0.982666,141.5,330000
12.507968,41.67981,0.984121,142,200000
12.50797,41.679808,0.979351,142.4,200000
12.507972,41.679807,0.970682,142.8,270000
12.507975,41.679805,0.982686,143.3,330000
12.507975,41.679805,0.974409,143.5,200000
12.507978,41.679805,0.966979,143.9,200000
12.507978,41.679803,0.98576,144.4,270000
12.507982,41.679802,0.978422,144.8,330000
12.507985,41.6798,0.975292,145,200000
12.507987,41.679798,0.969557,145,200000
12.507988,41.679797,0.981059,145.2,270000
12.507992,41.679792,0.970944,145.3,330000
12.507993,41.67979,1.006784,145.4,200000
12.507997,41.679787,0.96023,145.5,200000
12.507998,41.679785,0.950222,145.7,270000
12.508003,41.67978,0.972986,145.9,340000
12.508003,41.67978,0.961357,145.8,200000
12.508005,41.67978,0.993766,145.7,160000
12.508005,41.679778,0.966153,145.7,300000
12.508007,41.679773,0.990422,145.9,340000
12.50801,41.679772,0.978109,145.8,200000
12.508013,41.679772,0.989748,146,160000
12.508017,41.67977,0.972895,145.8,300000
12.508023,41.679768,0.984195,145.8,340000
12.508025,41.679767,0.966276,145.7,200000
12.508027,41.679767,0.970024,145.5,180000
12.508028,41.679767,0.987012,145.3,260000
12.508032,41.679767,0.970154,145.2,370000
12.508035,41.679765,0.981674,145,200000
12.508038,41.679765,0.979836,144.4,330000
12.508047,41.67976,0.966753,144.1,430000
12.508057,41.679757,0.988497,143.9,320000
12.50806,41.679755,0.97995,143.6,240000
12.50806,41.679752,0.967998,143.6,370000
12.508062,41.679748,0.957294,143.8,260000
12.508065,41.679743,0.989156,143.8,360000
12.508067,41.679742,0.967126,143.7,200000
12.508068,41.67974,0.964026,143.9,200000
12.50807,41.679738,0.981225,143.9,160000
12.508072,41.679737,0.980123,143.8,370000
12.508075,41.679733,0.971773,144,260000
12.508077,41.679732,0.955913,144.2,200000
12.508077,41.67973,0.969524,144.3,170000
12.508077,41.679728,0.982934,144.4,370000
12.508078,41.679727,0.980961,144.4,160000
12.50808,41.679727,0.980935,144.5,440000
12.508082,41.679725,0.974542,144.5,330000
12.508085,41.679723,0.976612,144.4,360000
12.508092,41.679723,0.977238,144.4,340000
12.508093,41.679722,0.982897,144.1,430000
12.508095,41.679722,0.982126,144.1,200000
12.508095,41.679722,0.985504,144,200000
12.508095,41.679722,0.985881,144,170000
12.508098,41.679722,0.968376,143.7,370000
12.508095,41.679718,0.935754,143.7,200000
12.508098,41.679717,0.980081,143.4,400000
12.508105,41.679712,1.075998,142.2,360000
12.50811,41.67971,0.999435,142.7,330000
12.508117,41.67971,0.973235,143.2,340000
12.50812,41.67971,0.963272,142.9,450000
12.508123,41.679708,0.973767,143.3,370000
12.508123,41.679708,0.981085,143.6,330000
12.508122,41.679705,0.977095,143.8,430000
12.50812,41.679703,0.982635,144,340000
12.508122,41.679703,0.964666,144.1,200000
12.50812,41.679703,0.976714,144.2,170000
12.50812,41.679703,0.974775,144.4,260000
12.508118,41.679703,0.971453,144.6,370000
12.508118,41.679703,0.975074,144.6,200000
12.508118,41.679703,0.983639,145,340000
12.508118,41.679703,0.980012,145.3,430000
12.508118,41.679708,0.962056,145.9,320000
12.50812,41.679708,0.953732,145.9,230000
12.50812,41.679708,0.987075,146,430000
12.508118,41.679708,0.973829,145.6,340000
12.508118,41.679707,0.981113,145.3,230000
12.508115,41.679703,0.961075,144.7,430000
12.508115,41.6797,0.975774,144.5,330000
12.508117,41.679697,0.984707,144.3,370000
12.508118,41.679693,0.975418,144.3,340000
12.50812,41.679692,0.978446,144.4,260000
12.50812,41.67969,0.978337,144.2,330000
12.508122,41.679687,0.971602,144.1,200000
12.508122,41.679685,0.973261,144,200000
12.508123,41.679683,0.978002,144.1,270000
12.508123,41.67968,0.975178,144.2,330000
12.508127,41.679677,0.990096,144.3,200000
12.50813,41.679673,0.979202,144.4,340000
12.508132,41.679668,0.978004,144.6,360000
12.508132,41.679665,0.975279,144.7,170000
12.508133,41.67966,0.973662,144.9,260000
12.508133,41.679657,0.980317,145.2,370000
12.508132,41.67965,0.982845,145.5,330000
12.50813,41.679647,0.982395,145.7,200000
12.508128,41.679643,0.982442,145.7,180000
12.508127,41.67964,0.965124,145.5,200000
12.50813,41.679635,0.974772,145.1,270000
12.508132,41.679632,0.987235,144.5,200000
12.508133,41.679625,0.972692,142.6,330000
12.508133,41.679622,0.979518,141.5,200000
12.508133,41.679622,0.971121,140.4,200000
12.508135,41.679618,0.978647,139.2,270000
12.508138,41.679613,0.975673,138.3,340000
12.50814,41.679612,0.974009,137.6,200000
12.508143,41.67961,0.978923,137.3,190000
12.508147,41.679608,0.975595,136.9,270000
12.50815,41.679605,0.978304,136.7,330000
12.50815,41.679603,0.966091,136.6,200000
12.508148,41.6796,0.982145,136.6,200000
12.508148,41.679598,0.970242,136.7,270000
12.508148,41.679593,0.974238,136.9,340000
12.508147,41.67959,1.001569,137.2,200000
12.508148,41.679588,0.978477,137.2,200000
12.50815,41.679588,0.970191,137.8,270000
12.508155,41.679585,0.971063,138.2,330000
12.508157,41.679582,0.989346,138.3,200000
12.50816,41.679578,0.983986,138.6,200000
12.508165,41.679573,0.981686,139.1,490000
12.508168,41.67957,0.985439,139.3,100000
12.508168,41.679567,0.970163,139.6,200000
12.50817,41.679562,0.966068,140,200000
12.50817,41.67956,0.979104,0,270000
12.508173,41.679553,0.971479,139.9,330000
12.508173,41.67955,0.979494,139.9,200000
12.508175,41.67955,0.979862,140.1,200000
12.508177,41.679548,0.975135,140.1,270000
12.508175,41.679545,0.978132,140,340000
12.508175,41.679543,0.979166,139.9,200000
12.508173,41.679542,0.974348,139.9,200000
12.508173,41.67954,0.970275,140.1,260000
12.508173,41.679535,0.978679,140.2,340000
12.508173,41.679532,0.978048,140.3,200000
12.508175,41.679528,0.985359,140.6,200000
12.508175,41.679525,0.970605,140.8,260000
12.508177,41.67952,0.985534,140.8,330000
12.508177,41.679518,0.974885,141.1,200000
12.508177,41.679517,0.978533,141.1,200000
12.508178,41.679517,0.985316,141.4,270000
12.508178,41.679513,0.975041,141.7,330000
12.50818,41.679512,0.975254,141.8,200000
12.50818,41.67951,0.975736,142,200000
12.50818,41.679508,0.982719,142.2,270000
12.50818,41.679503,0.976332,142.4,330000
12.50818,41.6795,0.970297,142.6,200000
12.50818,41.679498,0.965242,142.7,200000
12.508182,41.679497,0.98422,142.8,270000
12.508182,41.679493,0.973009,142.9,330000
12.508183,41.679492,0.965104,142.9,200000
12.508182,41.679488,0.98779,142.6,330000
12.508182,41.679483,0.97728,141.9,440000
12.508182,41.67948,0.9781,141.6,330000
12.508182,41.679478,0.968049,141,230000
12.50818,41.679475,0.970555,140.8,370000
12.50818,41.679473,0.984421,140.6,260000
12.50818,41.67947,0.978724,140.3,360000
12.508178,41.679467,0.979991,140.5,370000
12.508178,41.679462,0.98459,140.9,330000
12.508178,41.679462,0.990637,141,200000
12.508177,41.67946,0.981847,141.3,270000
12.508178,41.679455,0.975848,141.6,330000
12.50818,41.679453,0.97441,141.9,200000
12.508182,41.67945,0.979111,142.2,200000
12.508183,41.679447,0.984487,142.6,270000
12.508185,41.67944,0.973513,143.2,330000
12.508187,41.679438,0.978166,143.3,200000
12.508188,41.679435,0.980696,143.3,170000
12.508192,41.679433,0.976369,143.5,300000
12.508195,41.679428,0.982908,143.4,330000
12.508197,41.679427,0.982908,143.5,200000
12.508198,41.679423,0.977234,143.3,160000
12.5082,41.679422,0.978783,143.1,300000
12.508203,41.679417,0.978228,142.9,340000
12.508205,41.679413,0.962569,142.8,200000
12.508207,41.679412,0.965893,142.7,160000
12.508208,41.67941,0.965893,142.5,270000
12.50821,41.679405,0.987458,142.2,370000
12.508212,41.679402,0.982487,142.1,200000
12.508213,41.6794,0.972382,141.9,160000
12.508213,41.679398,0.977827,141.7,270000
12.508215,41.679395,0.969006,141.5,360000
12.508217,41.679393,0.963304,141.6,170000
12.508218,41.679393,0.976865,141.6,200000
12.508218,41.679392,0.965338,141.7,270000
12.50822,41.679392,0.972795,142.3,360000
12.508222,41.67939,0.978163,142.6,180000
12.508222,41.67939,0.976655,142.9,200000
12.508223,41.67939,0.979457,143,260000
12.508223,41.679388,0.97826,143.2,370000
12.508225,41.679387,0.98336,143.1,160000
12.508225,41.679385,0.972403,143.3,200000
12.508225,41.679382,0.977423,143.4,270000
12.508227,41.679378,0.983043,143.6,370000
12.508228,41.679377,0.980157,143.7,170000
12.50823,41.679375,0.978077,143.8,200000
12.508232,41.679373,0.969368,143.8,270000
12.508235,41.67937,0.978953,143.5,330000
12.508237,41.679367,0.969628,143.7,200000
12.508237,41.679367,0.975823,143.7,200000
12.508238,41.679365,0.980791,143.9,260000
12.50824,41.67936,0.972305,143.8,340000
12.508242,41.679358,0.97617,144,200000
12.508243,41.679357,0.967873,144.1,200000
12.508243,41.679357,0.982116,144.2,270000
12.508247,41.679353,0.970012,144.1,330000
12.508248,41.679352,0.979527,144.1,200000
12.50825,41.67935,0.971018,144,200000
12.508252,41.679348,0.973994,143.9,270000
12.508255,41.679345,0.970309,143.9,330000
12.508255,41.679343,0.982363,143.6,200000
12.508257,41.679342,0.979764,143.4,200000
12.508258,41.67934,0.970814,143.1,270000
12.50826,41.679335,0.982585,143.1,340000
12.508262,41.679335,0.982748,143,200000
12.508263,41.679333,0.987869,142.7,200000
12.508265,41.679332,0.974274,142.5,260000
12.508267,41.67933,0.979773,142.3,340000
12.508268,41.679328,0.980397,142.4,200000
12.508268,41.679327,0.99063,142.4,200000
12.508268,41.679323,0.982067,142.3,270000
12.50827,41.67932,0.975962,142.6,330000
12.50827,41.67932,0.972213,143,200000
12.508272,41.679318,0.973714,143.3,200000
12.508272,41.679317,0.971249,143.5,270000
12.508272,41.679313,0.970233,143.7,330000
12.508273,41.679313,0.977705,143.8,200000
12.508273,41.679312,0.956504,144,200000
12.508275,41.67931,0.966,144.3,270000
12.508277,41.679308,0.974597,144.3,330000
12.508277,41.679307,0.973815,144.7,200000
12.50828,41.679305,0.984719,144.8,200000
12.508282,41.679305,0.961092,144.9,270000
12.508285,41.679302,0.991371,144.9,330000
12.508287,41.6793,0.975311,144.9,200000
12.508288,41.679298,0.990783,144.8,200000
12.50829,41.679298,0.972758,144.7,270000
12.508292,41.679297,0.973282,144.5,340000
12.508292,41.679297,0.981625,144.3,200000
12.508293,41.679295,0.992083,144.1,160000
12.508295,41.679295,0.99668,144.2,300000
12.508298,41.679292,0.995988,144,340000
12.508302,41.679288,0.983124,144.2,200000
12.508308,41.679283,0.963766,144.2,170000
12.508312,41.67928,0.986868,144,300000
12.508322,41.679275,0.97525,144.2,320000
12.508325,41.679273,0.976015,144.3,200000
12.508328,41.67927,0.973961,144.3,200000
12.508332,41.679268,0.97231,144.7,260000
12.508337,41.679262,0.967971,144.9,340000
12.50834,41.67926,0.969852,145.1,200000
12.508343,41.679257,0.977314,145.3,200000
12.508347,41.679255,0.977003,145.4,260000
12.508353,41.67925,0.976571,145.3,330000
12.508353,41.67925,0.979031,145.3,200000
12.508355,41.67925,0.983119,145.2,200000
12.508358,41.679248,0.972837,145.1,530000
12.508358,41.679248,0.980306,144.9,80000
12.50836,41.679247,0.978311,144.9,200000
12.508358,41.679247,0.993893,144.7,190000
12.50836,41.679245,0.969326,144.5,270000
12.508362,41.679242,0.985041,144.4,340000
12.508362,41.67924,0.962914,144.3,200000
12.508362,41.679238,0.96974,144.4,200000
12.508363,41.679237,0.975326,144.5,260000
12.508363,41.679235,0.973975,144.5,340000
12.508363,41.679233,0.957744,144.5,200000
12.508363,41.679232,0.976544,144.7,330000
12.508363,41.679228,0.990988,144.7,440000
12.508363,41.679223,0.987366,144.9,330000
12.508363,41.679222,0.983526,144.8,240000
12.508363,41.679218,0.97288,144.9,360000
12.508363,41.679217,0.974331,145,270000
12.508362,41.679215,0.981351,145,350000
12.508362,41.679213,0.965058,145.1,200000
12.508362,41.679212,0.974818,145.1,200000
12.508362,41.67921,0.992436,145.2,170000
12.508362,41.679207,0.994301,145.5,450000
12.50836,41.679203,0.992575,145.2,360000
12.50836,41.679202,0.981547,145,330000
12.508362,41.6792,0.976678,145,200000
12.50836,41.679197,0.987976,144.7,270000
12.50836,41.679193,0.97049,144.3,370000
12.508363,41.679188,0.962907,143.9,330000
12.508363,41.679187,1.003717,143.9,270000
12.508365,41.679185,0.970144,143.8,330000
12.508365,41.679185,0.987027,143.9,200000
12.508365,41.679185,0.961247,144.3,200000
12.508363,41.679183,0.969823,144.5,270000
12.508363,41.679182,0.983471,144.7,330000
12.508363,41.67918,0.992327,144.8,200000
12.508362,41.679178,0.981462,144.8,200000
12.508363,41.679177,0.977411,144.7,270000
12.508365,41.679173,0.983899,144.6,330000
12.508365,41.679172,0.983114,143.9,200000
12.508367,41.67917,0.970112,141.6,330000
12.508368,41.679168,0.970153,139.3,430000
12.508372,41.679167,0.972327,137.5,340000
12.508373,41.679165,0.969903,136.2,230000
12.508375,41.679163,0.991441,135.3,370000
12.508377,41.679162,0.945627,134.5,270000
12.508377,41.67916,0.988649,134,360000
12.508375,41.679158,0.969548,133.7,200000
12.508375,41.679157,0.987936,133.7,200000
12.508375,41.679157,0.979313,133.7,160000
12.508375,41.679157,0.976084,133.4,370000
12.508377,41.679157,0.96461,132.9,200000
12.508378,41.679157,0.984839,132.7,270000
12.508382,41.679157,0.979111,132.6,160000
12.508387,41.679157,0.977918,133,370000
12.50839,41.679155,1.001683,133.4,160000
12.508397,41.679155,0.983159,134,440000
12.5084,41.679153,0.977378,134.9,360000
12.508403,41.679153,0.979757,135.7,340000
12.508407,41.679152,0.974108,136.2,330000
12.508408,41.679153,0.972009,137.1,430000
12.508408,41.679152,0.961425,137.3,200000
12.508408,41.679152,0.970083,0,200000
12.508408,41.67915,0.961447,137.4,170000
12.508405,41.679145,0.98734,137.3,450000
12.508405,41.679142,0.977443,136.9,360000
12.508408,41.67914,0.970834,136.5,340000
12.508408,41.679138,0.974199,136.2,200000
12.50841,41.679137,0.977769,136.1,260000
12.508413,41.679135,0.972919,135.8,340000
12.508417,41.679133,0.983647,135.7,330000
12.50842,41.679132,0.965214,135.3,300000
12.508423,41.679128,0.999906,135,340000
12.508427,41.679127,0.986392,134.8,200000
12.508428,41.679125,0.970766,134,330000
12.508433,41.679123,0.969333,133.1,430000
12.508438,41.679122,0.961301,132.4,330000
12.508442,41.679122,0.978749,131.3,230000
12.50845,41.679118,0.966272,130.2,430000
12.508453,41.679117,0.979842,129.3,340000
12.508457,41.679117,0.992224,128.6,220000
12.508458,41.679117,0.972103,128.4,440000
12.508462,41.679113,0.977183,128.9,330000
12.508463,41.679112,0.983553,130,240000
12.508467,41.679108,0,132.2,430000
12.508468,41.679107,0,134,330000
12.50847,41.679107,0,135.4,240000
12.508472,41.679105,0,136.3,430000
12.508475,41.679107,0,136,330000
12.508475,41.679107,0,135.8,250000
12.508475,41.679105,0,135.7,360000
12.508473,41.679105,0,135.8,270000
12.508465,41.679112,0,136,60000
12.508475,41.679103,0,135.8,270000
12.508475,41.679103,0,135.9,330000
12.508475,41.679103,0,136,200000
12.508475,41.679103,0,135.9,200000
12.508465,41.679112,0,135.7,30000
12.508475,41.679103,0,135.9,200000
12.508475,41.679103,0,135.7,170000
12.508465,41.679112,0,135.8,30000
12.508465,41.679112,0,135.7,40000
12.508465,41.679112,0,135.6,70000
12.508465,41.679112,0,135.5,30000
12.508475,41.679103,0,135.4,370000
12.508475,41.679103,0,135.3,200000
12.508475,41.679103,0,135.2,160000
12.508475,41.679103,0,135.1,270000
12.508465,41.679112,0,135,30000
12.508475,41.679103,0,134.9,200000
12.508465,41.679112,0,134.8,40000
12.508465,41.679112,0,134.7,30000
12.508465,41.679112,0,134.8,40000
12.508465,41.679112,0,134.7,30000
12.508475,41.679103,0,134.8,350000
12.508475,41.679103,0,134.7,200000
12.508465,41.679112,0,134.6,40000
12.508475,41.679103,0,134.7,200000
12.508475,41.679103,0,134.6,200000
12.508465,41.679112,0,134.5,40000
12.508475,41.679103,0,134.4,200000
12.508475,41.679103,0,134.3,200000
12.508475,41.679103,0,134.2,270000
12.508475,41.679103,0,134.1,330000
12.508465,41.679112,0,133.9,30000
12.508475,41.679103,0,134,270000
12.508475,41.679103,0,133.9,330000
12.508475,41.679103,0,133.5,200000
12.508475,41.679103,0,133.3,200000
12.508465,41.679112,0,133,40000
12.508475,41.679103,0,132.8,200000
12.508465,41.679112,0,132.7,30000
12.508475,41.679103,0,132.6,340000
12.508465,41.679112,0,132.4,30000
12.508465,41.679112,0,132.3,30000
12.508465,41.679112,0,132.2,30000
12.508475,41.679103,0,132.1,270000
12.508475,41.679103,0,132,330000
12.508475,41.679103,0,131.9,200000
12.508475,41.679103,0,131.8,200000
12.508475,41.679103,0,131.9,270000
12.508475,41.679103,0,132,330000
12.508475,41.679103,0,131.9,200000
12.508475,41.679103,0,132,330000
12.508465,41.679112,0,132.1,70000
12.508475,41.679103,-0.007981,132.1,170000
12.508475,41.679103,0.018791,132.1,160000
12.508475,41.679103,0.159984,132.3,200000
12.508475,41.679103,0.339885,132.6,200000
12.508475,41.679103,0.405993,132.2,200000
12.508475,41.679103,0.35749,132.1,270000
12.508475,41.679103,0.361447,132.8,160000
12.508475,41.679103,0.673989,133.4,370000
12.508475,41.679103,0.793498,133.4,170000
12.508475,41.679103,0.958215,132.6,430000
12.508475,41.679103,0.947153,132.3,380000
12.508475,41.679103,1.006494,131.9,320000
12.50849,41.679105,0.930797,131,330000
12.508488,41.679105,0.987232,129.2,430000
12.508488,41.679105,0.976194,128.9,370000
12.508488,41.679105,0.999692,128.4,330000
12.508488,41.679105,0.993517,128.6,200000
12.50849,41.679105,0.971868,129,270000
12.50849,41.679103,0.990915,129.9,330000
12.508492,41.679102,0.988272,130.3,200000
12.508493,41.6791,0.984062,131.1,200000
12.508493,41.679098,0.972178,131.7,270000
12.508497,41.679097,0.987475,132.2,330000
12.508497,41.679095,0.982891,132.5,200000
12.508498,41.679092,0.973891,133,170000
12.508498,41.67909,0.98161,133.3,300000
12.508502,41.679087,0,133.7,330000
12.508503,41.679085,0,133.9,200000
12.508503,41.679083,0,135.1,160000
12.508503,41.679083,0,135.9,300000
12.508503,41.67908,0,136.5,340000
12.508503,41.679078,0,136.9,200000
12.508503,41.679077,0,136.5,160000
12.508502,41.679077,0,136.2,270000
12.508498,41.679073,0,135.8,370000
12.508498,41.679073,0,135.7,160000
12.508498,41.679073,0,135.6,200000
12.508498,41.679073,0,135.4,270000
12.508498,41.679073,0,135.6,370000
12.508498,41.679073,0,135.5,160000
12.508498,41.679073,0,135.6,370000
12.508498,41.679073,0,135.7,400000
12.508498,41.679073,0,135.6,340000
12.508516,41.679078,0,135.5,30000
12.508498,41.679073,0,135.4,170000
12.508498,41.679073,0,135.3,360000
12.508498,41.679073,0,135.2,270000
12.508498,41.679073,0,134.9,200000
12.508498,41.679073,0,134.8,170000
12.508498,41.679073,0,134.7,360000
12.508498,41.679073,0,134.6,170000
12.508516,41.679078,0,134.7,30000
12.508498,41.679073,0,134.8,370000
12.508516,41.679078,0,134.7,70000
12.508498,41.679073,0,134.5,330000
12.508498,41.679073,0,134.4,430000
12.508498,41.679073,0,134.2,340000
12.508516,41.679078,0,134.1,40000
12.508516,41.679078,0,134,30000
12.508516,41.679078,0,134.1,30000
12.508516,41.679078,0,134.2,70000
12.508516,41.679078,0,134.3,30000
12.508498,41.679073,0,134.5,270000
12.508498,41.679073,0,134.6,370000
12.508498,41.679073,0,134.5,170000
12.508498,41.679073,0,134.6,200000
12.508498,41.679073,0,134.7,260000
12.508516,41.679078,0,134.8,30000
12.508498,41.679073,-0.000015,134.8,130000
12.508498,41.679073,0.080854,134.9,210000
12.508498,41.679073,0.284054,134.9,190000
12.508498,41.679073,0.469538,134.9,270000
12.508498,41.679073,0.648143,134.3,200000
12.508498,41.679073,0.754443,133.4,170000
12.508498,41.679073,1.022918,132.5,400000
12.508498,41.679073,0.981001,132.1,330000
12.508498,41.679073,1.003865,132.5,200000
12.508498,41.679073,0.987101,132.6,270000
12.508488,41.679042,0.949546,131.5,340000
12.508488,41.679042,0.978973,129.7,200000
12.508488,41.679042,0.972266,128.4,200000
12.50849,41.679043,0.968149,126.2,160000
12.50849,41.679042,0.983457,122.8,440000
12.50849,41.679042,0.985281,122,200000
12.50849,41.679042,0.95527,121.7,200000
12.50849,41.679042,0.991197,121.9,170000
12.508492,41.67904,0.951681,124.2,360000
12.508493,41.679038,0.973133,127.2,170000
12.508497,41.679037,0.981757,131.3,440000
12.508498,41.679035,0.951261,134.3,330000
12.508505,41.679033,0.987551,136.5,370000
12.50851,41.679032,0.982845,138,330000
12.508513,41.67903,0.977148,139.4,420000
12.508515,41.679028,0.989838,140.2,200000
12.508517,41.679027,0.977167,140.2,200000
12.508518,41.679025,0.97366,140.1,170000
12.508523,41.679023,0.96998,140.1,440000
12.508525,41.679023,0.970773,140.1,200000
12.508527,41.679022,0.979358,140.3,200000
12.508528,41.67902,0.968986,140.2,160000
12.508532,41.679018,0.977874,140.3,370000
12.508533,41.679018,0.978767,140.3,160000
12.508535,41.679015,1.001591,140.4,440000
12.508538,41.679013,0.968841,140.1,330000
12.50854,41.679012,0.967425,140.3,370000
12.508543,41.67901,0.978316,140.1,330000
12.508547,41.679008,0.989023,140.1,430000
12.50855,41.679007,0.98045,139.9,370000
12.508555,41.679005,0.9772,139.9,330000
12.508557,41.679003,0.970981,139.8,200000
12.508558,41.679003,0.970992,139.9,270000
12.508562,41.679,0.968004,139.9,330000
12.508563,41.678998,0.984643,140.2,200000
12.508565,41.678997,0.992475,140.4,200000
12.508567,41.678995,0.969977,141,270000
12.508568,41.678993,0.985709,141.3,330000
12.50857,41.678992,0.986881,141.3,200000
12.508573,41.678992,0.981456,141.2,170000
12.508575,41.678992,0.977426,141.5,300000
12.508577,41.678992,0.972892,141.8,330000
12.508577,41.678992,0.986382,142,200000
12.508578,41.67899,0.964261,142.5,170000
12.508578,41.678988,0.974435,142.9,290000
12.50858,41.678988,0.981865,143.3,340000
12.508582,41.678987,0.979219,143.5,200000
12.508583,41.678988,0.970198,143.4,160000
12.508587,41.678988,0.97578,142.9,270000
12.508588,41.678988,0.975248,142.3,370000
12.50859,41.678988,0.977756,142.1,200000
12.50859,41.678988,0.98735,142.1,160000
12.508592,41.678988,0.974085,142.1,270000
12.508593,41.678987,0.992604,142.1,360000
12.508595,41.678985,0.991749,142.2,170000
12.508597,41.678985,0.969911,142,200000
12.508598,41.678983,0.984038,142,270000
12.508602,41.67898,0.981141,141.9,360000
12.508603,41.678978,0.986287,141.8,170000
12.508605,41.678977,0.983355,141.9,200000
12.508607,41.678975,0.983016,141.8,270000
12.508612,41.678972,0.978569,142,370000
12.508613,41.67897,0.972721,141.8,160000
12.508615,41.678968,0.97883,141.8,200000
12.508617,41.678967,0.9727,141.8,270000
12.508622,41.678962,0.978395,141.9,370000
12.508622,41.67896,0.977808,142,170000
12.508623,41.678958,0.985247,142.2,360000
12.508625,41.678955,0.976581,142.4,400000
12.508627,41.678952,0.977296,143,350000
12.508628,41.678952,0.986113,143.5,230000
12.508632,41.67895,0.970396,143.8,370000
12.508635,41.678948,0.982772,143.9,520000
12.508637,41.678948,0.982521,143.9,100000
12.508637,41.678948,0.963057,144,200000
12.508638,41.678947,0.945473,143.7,210000
12.508638,41.678947,0.98674,143.8,160000
12.50864,41.678945,0.97229,143.6,360000
12.508642,41.678945,0.976676,144,200000
12.508643,41.678942,0.973957,143.8,270000
12.508645,41.67894,0.977011,143.9,170000
12.508647,41.678937,0.959912,143.8,360000
12.50865,41.678935,0.972597,144,200000
12.508652,41.678932,0.972226,144,400000
12.508657,41.678927,0.971462,144.5,370000
12.508662,41.678923,0.94531,144,330000
12.508662,41.67892,0.951481,144.4,340000
12.508663,41.678918,0.997828,142.7,430000
12.508663,41.678917,1.03657,142.5,200000
12.508665,41.678912,1.031105,143.6,200000
12.508667,41.678908,0.886082,143.9,170000
12.508668,41.678905,0.986144,144.3,370000
12.50867,41.678905,0.966472,144.1,190000
12.508673,41.678903,0.977203,144.1,400000
12.508675,41.678902,0.990273,144.5,340000
12.508675,41.6789,0.970353,144.3,360000
12.508673,41.678897,0.972055,144.4,340000
12.508673,41.678895,0.958662,144.3,440000
12.508675,41.678893,0.961561,144.8,200000
12.508677,41.678893,0.973824,145.3,200000
12.508678,41.678892,0.977716,146.2,170000
12.50868,41.67889,0.994145,147.2,360000
12.50868,41.678888,0.985327,147.6,200000
12.508678,41.678885,0.970801,146.5,400000
12.50868,41.678883,0.983147,145.1,370000
12.50868,41.678882,0.980382,144.3,330000
12.50868,41.67888,0.988238,144.1,330000
12.508677,41.678875,0.976826,143.9,440000
12.508677,41.678873,0.978755,143.7,200000
12.508678,41.678872,0.977772,143.7,170000
12.508682,41.67887,0.977532,143.6,200000
12.508687,41.678867,0.976949,143.4,330000
12.508687,41.678865,0.975202,143.6,200000
12.508687,41.67886,0.983758,143.7,430000
12.508687,41.678857,0.97848,143.7,340000
12.508688,41.678852,0.976543,143.6,500000
12.50869,41.67885,0.988899,143.5,190000
12.508692,41.678848,0.981253,143.7,430000
12.508693,41.678848,0.988989,143.7,200000
12.508695,41.678848,0.984368,143.7,200000
12.508698,41.678847,0.978944,143.5,170000
12.508698,41.678847,0.974077,143.4,370000
12.5087,41.678847,0.969466,143.3,190000
12.508702,41.678845,0.963742,143.3,400000
12.508705,41.678843,0.979258,143.2,370000
12.508705,41.678842,0.973239,143.3,330000
12.508702,41.678837,0.977361,143.2,340000
12.5087,41.678835,0.978202,143,440000
12.5087,41.678833,0.982174,142.9,360000
12.508702,41.678833,0.966134,143,340000
12.508702,41.67883,0.983565,0,190000
12.508705,41.67883,0.978159,142.7,270000
12.508708,41.678827,0.976588,142.7,330000
12.508712,41.678827,0.983897,142.8,200000
12.508715,41.678827,0.981344,142.7,200000
12.508717,41.678827,0.976774,142.8,270000
12.50872,41.678822,0.976794,142.8,330000
12.50872,41.678822,0.966533,142.9,200000
12.50872,41.67882,0.977407,142.8,170000
12.50872,41.67882,0.977064,142.7,300000
12.50872,41.67882,0.970498,142.7,330000
12.50872,41.67882,0.970213,142.9,200000
12.50872,41.67882,0.961304,143.1,170000
12.508722,41.678817,0.975025,143.1,300000
12.508725,41.678815,0.979844,143,330000
12.508728,41.678813,0.972096,142.9,200000
12.50873,41.678813,0.985878,142.9,170000
12.508733,41.678812,0.975423,143,260000
12.508737,41.678808,0.978401,143.1,370000
12.508738,41.678805,0.982665,143.2,200000
12.50874,41.678803,0.994262,143.3,160000
12.50874,41.678802,0.975757,143.2,270000
12.50874,41.678795,0.990294,142.9,370000
12.50874,41.678792,0.971161,142.7,160000
12.508738,41.678788,0.969217,142.7,200000
12.508737,41.678787,0.985662,142.7,270000
12.508738,41.678782,0.978543,142.8,370000
12.508738,41.678778,0.981747,142.8,170000
12.50874,41.678777,0.969836,142.7,200000
12.50874,41.678773,0.989355,142.5,260000
12.508743,41.678767,0.96373,142.3,370000
12.508743,41.678763,0.97693,142.2,170000
12.508745,41.678765,0.98694,142.5,220000
12.508745,41.678762,0.974397,142.4,270000
12.50875,41.67876,0.967762,142.6,330000
12.50875,41.678758,0.983965,142.5,200000
12.508752,41.678755,0.981295,142.5,200000
12.508753,41.678752,0.973389,142.3,260000
12.508757,41.678747,0.979383,142.4,340000
12.508758,41.678745,0.986572,142.3,200000
12.508758,41.678745,0.98534,142.4,200000
12.508758,41.678743,0.977478,142.4,260000
12.508758,41.67874,0.984707,142.3,340000
12.508758,41.678738,0.98364,142.2,200000
12.50876,41.678737,0.967988,142.2,170000
12.50876,41.678735,0.980262,142.1,300000
12.508763,41.678732,0.984307,142.4,330000
12.508763,41.67873,0.976391,142.4,200000
12.508763,41.678728,0.979368,142.5,170000
12.508765,41.678727,0.97636,142.6,300000
12.508768,41.678727,0.97482,142.5,340000
12.50877,41.678727,0.974825,142.5,190000
12.508772,41.678725,0.97086,142.5,170000
12.508772,41.678723,0.970086,142.2,270000
12.508773,41.678718,0.972546,141.2,370000
12.508775,41.678717,0.969176,140.1,200000
12.508777,41.678715,0.977991,138.4,160000
12.50878,41.678715,0.962218,136.3,270000
12.50878,41.678712,0.984477,132.7,370000
12.50878,41.67871,0.974583,130.2,160000
12.50878,41.678707,0.982529,128.1,200000
12.50878,41.678703,0.965839,123.8,270000
12.508782,41.678697,0.984174,119.6,370000
12.508782,41.678695,0.972402,115.8,170000
12.50878,41.678688,0.975575,110.8,200000
12.50878,41.678685,0.980184,106.6,260000
12.508782,41.678682,0.996138,98.9,370000
12.508782,41.678682,1.008734,94.2,170000
12.508785,41.678677,0.979598,85.5,330000
12.508787,41.678667,0.947415,75.8,440000
12.508788,41.678663,0.956171,66,330000
12.50879,41.678655,0.929495,56.7,240000
12.508795,41.678652,0.950583,43.4,430000
12.5088,41.678652,1.026226,35.2,340000
12.508808,41.678653,0.994847,21.5,330000
12.508812,41.678652,0.951031,10.8,430000
12.508813,41.678652,0.999144,2.4,330000
12.508813,41.678652,0.980313,352.6,1210000
12.508813,41.678652,0.965966,350.9,130000
12.508813,41.678652,0.974964,349.6,200000
12.508813,41.678652,0.980934,348.1,160000
12.508833,41.678658,0.981468,345.8,440000
12.508835,41.678658,0.967676,345,200000
12.508835,41.678657,0.973075,344.5,200000
12.508838,41.678657,0.978214,343.5,170000
12.508838,41.678658,0.96825,342.3,370000
12.508838,41.678658,0.963698,341.7,160000
12.508837,41.678657,0.986438,341,440000
12.508835,41.678658,0.967814,340.5,360000
12.50883,41.678658,0.979264,339.8,330000
12.508828,41.678662,0.972481,339.1,340000
12.508827,41.678667,0.982326,339.3,430000
12.508825,41.678668,0.973336,339.5,340000
12.508823,41.678672,0.984727,340.7,370000
12.508822,41.678673,0.980232,340.7,160000
12.508818,41.678675,0.980477,342,270000
12.508812,41.678677,0.982173,342.4,360000
12.50881,41.678678,0.986047,342.3,200000
12.50881,41.67868,0.981423,342.3,170000
12.508808,41.67868,0.987413,342.3,260000
12.508805,41.678683,0.98789,342.6,370000
12.508807,41.678685,0.986755,342.8,200000
12.508807,41.678687,0.976412,343.2,170000
12.508808,41.67869,0.98389,343,260000
12.50881,41.678693,0.979264,342.4,370000
12.508808,41.678695,0.975783,342.1,170000
12.508812,41.678695,0.97365,341.9,200000
12.508812,41.678698,0.960543,341.7,260000
12.50881,41.6787,0.97956,342.1,370000
12.508808,41.6787,0.983251,341.9,160000
12.508807,41.678702,0.978298,341.6,200000
12.508803,41.678703,0.978462,341.5,530000
12.508802,41.678705,0.977494,341.1,110000
12.5088,41.678705,0.983084,341,160000
12.508797,41.678707,0.978424,340.5,200000
12.508795,41.678707,0.962641,340.3,270000
12.508793,41.678712,0.977071,340.2,360000
12.508792,41.678713,0.994312,340.1,170000
12.50879,41.678717,0.983771,340.1,200000
12.508788,41.678718,0.984972,340.5,270000
12.508783,41.678718,0.963856,340.8,360000
12.508782,41.67872,0.973939,341.1,170000
12.508782,41.67872,0.943417,341.3,200000
12.508782,41.678722,0.962608,341.5,270000
12.50878,41.678723,0.976126,341,340000
12.50878,41.678725,0.975004,340.7,210000
12.508778,41.678727,0.975303,340.2,190000
12.508777,41.678728,0.966585,339.4,270000
12.508775,41.678728,0.973045,338.5,330000
12.508775,41.67873,0.976963,338.2,200000
12.508775,41.678732,0.972179,337.6,200000
12.508775,41.678733,0.97488,337.2,270000
12.508777,41.678737,0.986495,336.7,330000
12.508778,41.678738,0.987246,336.7,210000
12.508775,41.678738,0.981023,336.4,190000
12.50877,41.678738,0.975566,336.2,270000
12.508762,41.678738,0.974253,336.1,330000
12.508763,41.67874,0.86,335.9,200000
12.508758,41.67874,0.654319,335.5,200000
12.50876,41.678742,0.486364,334.5,270000
12.508767,41.678745,0.723034,333.9,330000
12.508767,41.678747,0.939976,334.3,200000
12.508773,41.678748,0.991126,335.3,200000
12.508777,41.678752,0.982168,335.4,270000
12.508782,41.678758,0.98222,335.2,330000
12.508782,41.67876,0.982278,335,200000
12.508785,41.678763,0.981394,334.5,200000
12.508787,41.678763,0.987069,334.3,270000
12.508792,41.67877,0.976769,334.1,330000
12.508795,41.678773,0.976974,334.1,200000
12.508795,41.678775,0.970663,334,200000
12.508795,41.678778,0.964032,334.6,260000
12.508792,41.678782,0.976667,335.7,340000
12.508792,41.678783,0.981994,336.1,200000
12.508787,41.678783,0.984958,336.5,200000
12.508785,41.678785,0.974863,337,260000
12.50878,41.678788,0.979505,337,340000
12.508772,41.678788,0.982482,337,210000
12.508768,41.678788,0.984243,336.8,200000
12.508767,41.678788,0.973568,336.1,260000
12.508765,41.678788,0.982663,335,330000
12.508762,41.67879,0.98603,334.5,200000
12.50876,41.678792,0.981011,333.6,200000
12.50876,41.678793,0.982761,333.3,270000
12.508758,41.678798,0.975518,334,330000
12.508758,41.678802,0.965448,334.6,200000
12.508758,41.678803,0.97564,335.5,200000
12.50876,41.678807,0.985297,336.6,270000
12.508763,41.67881,0.976755,337.3,330000
12.50877,41.678813,0.967377,337.5,200000
12.508772,41.678815,0.975959,337.8,200000
12.508775,41.678818,0.975228,337.8,270000
12.508783,41.678825,0.980572,337.9,330000
12.508787,41.678828,0.980871,337.7,200000
12.508792,41.678832,0.990416,337.6,200000
12.508792,41.678835,0.975266,337.5,270000
12.50879,41.67884,0.978131,337.7,330000
12.508788,41.678842,0.992335,337.5,200000
12.508787,41.678843,0.993341,337.6,200000
12.508783,41.678843,0.984746,337.4,260000
12.50878,41.678848,0.989337,337.3,340000
12.508778,41.67885,0.988347,337.3,210000
12.508777,41.678852,0.986381,337.1,200000
12.508773,41.678853,0.980224,337,260000
12.508768,41.678855,0.953365,337,340000
12.508767,41.678855,0.879354,336.6,200000
12.508765,41.678858,1.031664,336.2,190000
12.508763,41.67886,1.124177,337,270000
12.508758,41.678863,1.067223,336.9,340000
12.508757,41.678863,0.869676,336.2,200000
12.508753,41.678863,0.998544,336,200000
12.508748,41.678862,0.953681,336.3,260000
12.508738,41.678863,0.987664,336.1,340000
12.508735,41.678862,0.987057,336,200000
12.508732,41.678862,0.979047,335.8,200000
12.50873,41.678862,0.980421,335.5,260000
12.508725,41.67886,0.976216,0,340000
12.508723,41.678862,0.985737,335.1,200000
12.50872,41.678862,0.983559,334.7,200000
12.508717,41.678862,0.967248,334.2,270000
12.508712,41.678863,0.980872,333.4,330000
12.50871,41.678863,0.981162,332.9,200000
12.508708,41.678863,0.984552,332.1,200000
12.508705,41.678863,0.988275,331.5,270000
12.508697,41.678863,0.972693,331.6,340000
12.508693,41.678865,0.973879,332.2,200000
12.508695,41.678867,0.97011,332.9,200000
12.508697,41.67887,0.979909,333.6,260000
12.508702,41.678877,0.974791,334.4,330000
12.508708,41.678882,0.973836,334.7,200000
12.508722,41.678892,0.957162,335.1,200000
12.50873,41.678898,0.973542,335.4,270000
12.50874,41.678908,0.972723,335.4,340000
12.508747,41.678913,0.968843,335.4,200000
12.50876,41.678925,0.971748,335.3,200000
12.508767,41.67893,0.976114,335.3,260000
12.508772,41.678937,0.983786,335.3,330000
12.50877,41.678938,0.981749,335.2,200000
12.508768,41.678938,0.989582,335.3,200000
12.508767,41.67894,0.979363,335.8,270000
12.50876,41.678942,0.977732,336.5,340000
12.508757,41.678942,0.973809,336.9,200000
12.508753,41.678943,0.985594,337.6,200000
12.50875,41.678945,0.983797,338.1,260000
12.508748,41.678948,0.989715,339.3,340000
12.508747,41.678952,0.985615,340.1,200000
12.508742,41.678952,0.963189,341.4,200000
12.50874,41.678953,0.961924,343.1,260000
12.50874,41.678957,0.978747,344.8,340000
12.50874,41.678957,0.981311,347,200000
12.508738,41.678958,0.957832,348.5,200000
12.508738,41.67896,0.984334,351.5,270000
12.508735,41.678962,0.983816,355.2,330000
12.508733,41.678963,0.963286,357,200000
12.508732,41.678967,0.976586,0.2,160000
12.508732,41.678968,0.962568,3.3,300000
12.508728,41.678972,0.980406,6.8,340000
12.508727,41.678975,0.981239,9.1,170000
12.508725,41.678982,0.983989,12,200000
12.508725,41.678985,0.978651,13.9,270000
12.508722,41.67899,0.984977,18.4,340000
12.508722,41.678993,0.991576,20.5,200000
12.508718,41.678995,0.985407,23.9,200000
12.508715,41.678997,0.959085,27.6,260000
12.508715,41.679002,0.968493,30.5,330000
12.508715,41.679005,0.986643,34.2,320000
12.508715,41.679007,0.97577,37.4,230000
12.508718,41.67901,0.974327,41.8,430000
12.50872,41.679012,0.981676,44.7,330000
12.508723,41.679015,0.969377,47.6,330000
12.508725,41.679017,0.973566,49,170000
12.508727,41.679017,0.966995,50.8,210000
12.508728,41.679018,0.979332,52.2,200000
12.50873,41.67902,0.968365,53.1,260000
12.50873,41.67902,0.986339,53.6,170000
12.508732,41.679023,0.986208,54.1,370000
12.508732,41.679025,0.989713,54.3,310000
12.508732,41.679027,0.979391,54.7,210000
12.508732,41.679028,0.976571,55.3,200000
12.508732,41.679028,0.972352,55.7,170000
12.508733,41.67903,0.97887,56.5,270000
12.508735,41.679032,0.967218,57.5,370000
12.508738,41.679033,0.979885,58.3,330000
12.508743,41.679037,0.982401,59.2,350000
12.508745,41.679037,0.956435,59.9,180000
12.508747,41.679038,0.972065,60.3,270000
12.50875,41.67904,0.991499,60.6,330000
12.508752,41.679042,0.965938,60.9,200000
12.508753,41.679042,0.969649,61.2,200000
12.508755,41.679043,0.966723,61.5,270000
12.508758,41.679043,0.975332,62.3,320000
12.50876,41.679043,0.968289,62.5,200000
12.50876,41.679045,0.97122,62.9,200000
12.508762,41.679047,0.96547,62.8,270000
12.508765,41.679048,0.990357,63.1,330000
12.508768,41.679048,0.97132,63.3,330000
12.508768,41.679048,0.981316,64.2,220000
12.508772,41.67905,0.982164,65.8,430000
12.508773,41.67905,0.974374,67.4,330000
12.508775,41.679052,0.977104,68.7,340000
12.508777,41.679053,0.968455,69,190000
12.508778,41.679055,0.987475,69,170000
12.50878,41.679055,0.976593,68.9,200000
12.508783,41.679057,0.983717,68.8,280000
12.508785,41.679057,0.984483,68.7,160000
12.50879,41.679058,0.965828,68.4,370000
12.508792,41.679058,0.986269,68.3,310000
12.508793,41.679058,0.985229,68.1,210000
12.508795,41.679058,0.983473,68,200000
12.508797,41.679058,0.977224,67.9,170000
12.5088,41.679058,0.983889,68,270000
12.508803,41.67906,0.973332,67.9,370000
12.508805,41.67906,0.976135,67.6,200000
12.508807,41.67906,0.971387,67.1,160000
12.50881,41.679062,0.98028,66.4,200000
12.508813,41.679063,0.984235,65.7,430000
12.508813,41.679063,0.9709,65.6,200000
12.508815,41.679065,0.966584,65.4,170000
12.508817,41.679067,0.985898,65.3,200000
12.50882,41.67907,0.968782,65.2,430000
12.508823,41.679072,0.960754,65.3,200000
12.508825,41.679073,0.970779,65.9,170000
12.508827,41.679075,0.953507,66.5,200000
12.508827,41.679075,0.979239,69.4,420000
12.508828,41.679075,0.960733,71.2,200000
12.50883,41.679077,0.962682,73.5,170000
12.508832,41.679077,0.981088,75.2,200000
12.508835,41.679077,0.978841,79,440000
12.508837,41.679077,0.94388,80.5,200000
12.508837,41.679077,0.996428,82.4,160000
12.508838,41.679077,1.117644,83.9,200000
12.508842,41.679077,0.953032,86,440000
12.508843,41.679077,1.02311,87.6,200000
12.508845,41.679075,0.980784,89.1,170000
12.508848,41.679075,0.917393,90.7,200000
12.50885,41.679077,0.871248,94.1,430000
12.508852,41.679077,0.982156,95.2,200000
12.508853,41.679077,1.066466,97.5,160000
12.508855,41.679075,1.008423,98.7,200000
12.508857,41.679073,1.006294,106.1,440000
12.50886,41.679073,0.993016,110.9,330000
12.508863,41.679073,0.963,115.5,370000
12.508863,41.679073,1.014939,120.2,170000
12.508865,41.679073,0.97028,124.1,260000
12.50887,41.679072,0.954455,128.8,340000
12.508872,41.67907,0.971834,132.4,190000
12.508873,41.67907,0.982566,136.8,200000
12.508873,41.67907,1.005906,141.2,270000
12.508875,41.67907,0.927453,144.8,330000
12.508882,41.679072,0.987115,147.7,410000
12.508885,41.679073,0,147.6,330000
12.508885,41.679073,0,147.8,200000
12.508885,41.679073,0,147.1,270000
12.508885,41.679073,0,147.5,330000
12.508922,41.679009,0,147,70000
12.508885,41.679073,0,146.3,170000
12.508885,41.679073,0,146,260000
12.508885,41.679073,0,145.5,330000
12.508885,41.679073,0,145.1,210000
12.508885,41.679073,0,144.7,200000
12.508885,41.679073,0,144.6,270000
12.508885,41.679073,0,144.1,340000
12.508885,41.679073,0,144,200000
12.508885,41.679073,0,143.9,170000
12.508885,41.679073,0,143.8,270000
12.508885,41.679073,0,143.7,360000
12.508885,41.679073,0,143.6,380000
12.508885,41.679073,0,143.7,340000
12.508885,41.679073,0,143.8,200000
12.508885,41.679073,0,143.7,260000
12.508885,41.679073,0,143.9,340000
12.508885,41.679073,0,143.8,200000
12.508885,41.679073,0,144,200000
12.508922,41.679009,0,144.1,70000
12.508885,41.679073,0,144.2,330000
12.508885,41.679073,0,144.3,330000
12.508885,41.679073,0,144.5,200000
